宝龙广场,31.80031,119.901303,常州市钟楼区茶花路南门,钟楼,
世茂香槟湖,31.820935,120.004756,江苏省常州市新北区太湖东路19号,新北,
南湖家苑,31.652619,119.959186,常州市武进区凤翔路12号,武进,
绿地世纪城,31.82656,119.93006,常州市钟楼区龙城大道与龙江路交汇处西南侧,钟楼,
中央花园,31.806276,119.983696,新北晋陵北路以东龙城大道以南,新北,
星河国际,31.719257,119.944884,江苏省常州市武进区玉塘路与广电西路交叉口东南角,武进,
翠竹新村,31.801079,119.989175,常州天宁区永宁北路11号,天宁,
丽华一村,31.75847,119.983705,丽华一村,天宁,
凤凰名城,31.857789,119.975747,辽河路61号,新北,
高成天鹅湖,31.753832,119.986644,常州市天宁区丽华北路59号,天宁,
金色新城,31.792351,119.955055,常州市钟楼区新市路1号,钟楼,
华润国际社区,31.74963,119.964268,天宁和平路与中吴大道交界处,天宁,
公园壹号花园,31.761258,120.047374,常州市戚墅堰区东方大道186-188号公园壹号花园内(近戚区新政府),戚墅堰,
典雅花园,31.816809,119.974759,常州市新北区通江中路3号,新北,
银河湾第一城,31.814295,119.943741,常州市新北区三井街道南湖路,新北,
九洲花园,31.852464,119.998863,江苏省常州市新北区龙业路,新北,
南河花园小区,31.66683,119.935142,江苏省常州市武进区龙飞路,武进,
怡康花园,31.796042,119.971545,关河中路70,天宁,
天山花园,31.818145,119.933468,飞龙西路95号,钟楼,
滨江明珠城,31.874688,119.979158,华山北路北郊中学东北方向900米,新北,
百草苑,31.81273,119.994674,江苏省常州市新北区百草苑9幢-8号,新北,
水晶城,31.776039,120.014804,江苏省常州市天宁区东方西路与横塘河东路交叉口,天宁,
彩虹城,31.805648,119.994642,永宁北路29号(外环路与永宁北路交汇处),天宁,
怀德苑,31.783899,119.946904,江苏省常州市钟楼区怀德中路77号,钟楼,
学府东苑,31.675318,119.978301,大学城一带鸣新东路226号,武进,
紫禁城小区,31.727415,119.947635,江苏省常州市武进区武宜北路13号,武进,
凯旋城,31.792739,119.99869,江苏省常州市天宁区凯旋城36,天宁,
玉龙湾花园,31.811625,119.952278,常州市常州市飞龙路10号,新北,
天隽峰,31.711196,119.962206,江苏省常州市武进区长虹路8号,武进,
阳湖名城,31.713601,119.970798,常州市武进区长安路9,武进,
香江华廷花园,31.782483,119.938463,钟楼区怀德中路95号,钟楼,
藻江花园,31.810658,119.988638,天目山路23号附近,新北,
百馨西苑,31.92632,119.966931,常州市新北区祁连山路附近,新北,
中意宝第,31.783298,119.942348,怀德中路115,钟楼,
陈渡新苑,31.769016,119.920847,常州市钟楼区紫荆西路381号,钟楼,
前桥小区,31.825023,119.952251,常州市新区前桥,新北,
丽华二村,31.753327,119.98124,中吴大道,天宁,
常信怀德名园,31.830409,119.994804,常州市新北区黄山路112号,新北,
清潭新村,31.773632,119.940684,江苏省常州市钟楼区清潭路清潭新村,钟楼,
中天名园,31.735999,119.974161,人民东路与降子北路交汇处,武进,
天安花园,31.830433,119.991013,常州市天宁区周线巷10-2号(元丰桥附近),天宁,
世纪华城,31.761443,119.930068,常州市天宁区中吴大道1688号,天宁,
香缇湾花园,31.803875,119.970623,常州市新北区常澄路18号,新北,
新城长岛,31.754478,119.932854,常州长江南路88号(新312国道与长江南路交汇处),武进,
采菱公寓,31.746586,120.002027,江苏省常州市天宁区离宫路,天宁,
盛世名门,31.800646,119.975607,江苏省常州市天宁区晋陵中路562号,天宁,
锦海星城,31.879538,119.97765,长江北路与新四路交叉处,新北,
府西花园,31.820753,119.97657,通江中路和太湖西路交汇处东南角,新北,
和平国际,31.757612,119.968886,常州市天宁区中吴大道1150号,天宁,
新城南都雅苑,31.712748,119.95195,武进常州市武进湖塘花园街168号,武进,
方圆云山诗意,31.777867,119.914692,怀德中路209号,钟楼,
腾龙苑,31.861403,119.978456,腾龙苑22-18号,新北,
青山湾小区,31.797875,119.965969,天宁区晋陵北路农工商超市以北通济新村旁,天宁,
天润园小区,31.826175,119.997419,常州市新北区河海东路156号,新北,
京城豪苑,31.787721,119.963209,常州钟楼区局前街180号,钟楼,
邹新花园,31.785314,119.852378,江苏省常州市武进区新西路,武进,
北环新村,31.794249,119.986025,江苏省常州市天宁区竹林西路,天宁,
香江壹品,31.74016,119.964748,金鸡东路16号香江壹品,武进,
蓝天花园,31.787226,119.924206,江苏省常州市钟楼区星园路,钟楼,
勤德家园,31.78667,119.94314,勤业路77号,钟楼,
机械新村,31.800487,119.944545,关河西路131号(西新桥一带),钟楼,
玲珑花园,31.849754,120.005051,新北区与恐龙园一衣带水距沪宁高速公路常州通江大道出入口约800米,新北,
浦南新村,31.762182,119.959453,江苏省常州市天宁区晋陵南路36-、38号,天宁,
河景花园,31.783434,119.952242,劳动西路108号,钟楼,
喜盈门花苑,31.735693,119.97726,常州市武进区大通东路179号,武进,
梧桐苑,31.79515,119.896036,常州市钟楼区北港街道茶花路,钟楼,
荣哼逸都小区,31.767534,119.930677,荆川东路23号,钟楼,
紫云苑,31.770985,120.009713,常州市天宁区横塘河东路89弄,天宁,
河苑家园,31.727539,120.055575,劳动东路217号,武进,
星鑫家园,31.809382,119.928129,常州市钟楼区星鑫家园7-4,钟楼,
清凉新村,31.765671,119.968189,光华路30号,天宁,
南博湾花园,31.82895,119.966202,常州市新北区泰山路195号,新北,
太湖明珠苑,31.824017,119.970769,江苏省常州市新北区新北太湖中路14号,新北,
星港花苑,31.813032,119.897577,星港路112号(星港路北侧，玉龙路西侧),钟楼,
景秀世家,31.807082,119.998164,新北区东临龙锦路、北靠北塘河、西邻彩虹城、南为永宁路,新北,
长江花苑,31.967325,119.935633,江苏省常州市新北区魏安路78号,新北,
桂花园,31.770189,119.917388,紫荆西路325号,钟楼,
新闸花苑,31.830938,119.914981,飞龙西路158号附近,钟楼,
凯尔枫尚花园,31.808377,119.902495,钟楼区经济开发区星港大道以南，青枫公园西侧约750米,钟楼,
清水湾,31.876085,119.973119,江苏省常州市新北区长江北路东侧(滨江明珠城西侧),新北,
红梅新村,31.785149,119.992524,江苏省常州市天宁区飞龙东路,天宁,
水木年华花园,31.815192,119.992504,常州市龙锦路与天目山路交叉口,新北,
花园新村,31.781962,119.924406,怀德中路63号,钟楼,
荆川里小区,31.764367,119.935146,常州市钟楼区瞿家村214号,钟楼,
金梅花园,31.813578,119.960157,常州市钟楼区泰山南路1号,钟楼,
新天地花苑,31.794844,119.968735,江苏省常州市天宁区关河中路88-9号(青山桥北边),天宁,
白云新村,31.790921,119.915451,白云路15-1号,钟楼,
璞丽湾花园,31.790918,119.947982,钟楼西仓街35号（原酿酒总厂地块）,钟楼,
采菱家园,31.716916,120.002773,常州武进河东街与凤凰南路交汇处的东南方向,武进,
绿洲家园,31.810372,119.992503,江苏省常州市新北区绿洲路,新北,
圣·巴塞耶怡美花园,31.783434,119.909312,江苏工业学院西南，怡和花园向西约300米,钟楼,
新龙花苑,31.867325,119.978043,常州市新北区新龙花苑东区,新北,
青竹苑,31.80444,120.004479,江苏省常州市天宁区龙锦路81号,天宁,
名仕佳园,31.679909,119.958772,鸣新中路31号,武进,
南甸苑,31.718858,119.962285,常州市武进区广电西路523号,武进,
勤业四村,31.791923,119.93729,常州市钟楼区勤业路2号(勤业路与勤小路交界处),钟楼,
润德半岛,31.803447,119.977182,江苏省常州市天宁区飞龙东路150号,天宁,
万水美兰城,31.800646,119.896355,常州市怀德中路42号(玉龙路以东、梧桐路以北、水衫路以南、玫瑰路以西),钟楼,
聚博花园,31.803814,119.98212,晋陵中路623,天宁,
南苑小区,31.637754,119.939239,江苏省常州市武进区武宜路附近,武进,
锦阳花苑,31.764356,119.929213,常州市钟楼区锦阳花苑25幢,钟楼,
高成莱茵花苑,31.793277,119.933644,江苏省常州市钟楼常州市勤业路136号,钟楼,
朗诗国际街区,31.779127,119.93154,钟楼区长江中路259号（长江路与怀德南路交界处）,钟楼,
新魏花园小区,31.906601,119.925654,常州市新北区南海路8号,新北,
新城尚东区花园,31.792091,119.992837,常州市天宁区竹林北路32号,天宁,
西新桥三村,31.802982,119.953324,江苏省常州市钟楼区港务路,钟楼,
绿园,31.762223,119.920955,江苏省常州市钟楼区湖滨路1号,钟楼,
南隆家园,31.634054,119.956887,常州市龙颜路和凤栖路南150米,武进,
枫逸人家,31.809745,119.896024,常州市钟楼区星港大道5号,钟楼,
青洋花苑,31.765859,120.017793,常州市戚墅堰区青洋中路211,戚墅堰,
祥龙苑,31.847403,120.005141,龙业路88号,新北,
御源林城,31.802261,119.89901,常州市钟楼区御源林城21栋,钟楼,
蔷薇家园,31.75643,119.986771,丽华北路61号(丽华路与中吴大道交汇处),天宁,
佳兆业凤凰湖壹号,31.857285,119.918407,江苏省常州市新北区汉江路112号(汉江路以北薛冶路以东),新北,
青枫公馆,31.804044,119.914092,江苏省常州市钟楼区五星街道8号(龙江路与星港路交汇处),钟楼,
长虹花苑,31.722318,119.917738,江苏省常州市武进区湖塘东宝路白家社区长虹花苑,武进,
金谷花园,31.781172,119.928159,江苏省常州市钟楼区怀德中路175号,钟楼,
兆丰花苑,31.770383,119.993484,常州延陵东路85号,天宁,
丰乐公寓,31.709525,119.947463,常州府西路2号,武进,
阳湖世纪苑,31.726961,119.965851,江苏省常州市武进区常武中路115号,武进,
湖滨花苑小区,31.709385,119.860643,常州市武进区稻香路155号,武进,
盛世华城,31.425256,119.472917,西片区2号地块溧高中西侧,溧阳,
锦湖公寓,31.742341,119.953006,武宜路与聚湖路交叉口,武进,
府琛花园,31.822228,119.980481,江苏省常州市新北区通江大道177号,新北,
富都小区,31.840729,119.982978,常州市新北区峨眉山路93号,新北,
中凉新村,31.749957,119.958313,花园街,天宁,
兰陵尚品花园,31.755712,119.955979,天宁兰陵路41号(欧尚超市旁),天宁,
都市桃源,31.791094,119.92908,星湖路69-107号,钟楼,
嘉顺花园,31.827572,119.973511,江苏省常州市新北区巢湖路168号(巢湖路中段),新北,
鹏欣丽都,31.780661,119.957757,常州市钟楼区横兴路129号,钟楼,
锦绣东苑,31.805307,119.978915,飞龙东路138号(北环路晋陵中路交接处),天宁,
兰翔新村,31.827207,119.988209,常州河海东路河海大学北门对面,新北,
府琛商务广场,31.823118,119.977281,常州市新北区通江大道177号,新北,
金鸡花园,31.741733,119.960562,常州市武进区金鸡花园商铺19-1,武进,
永宁花园,31.800097,119.983311,永宁北路1号,天宁,
常发豪庭国际,31.819259,119.988805,太湖东路101-1号（龙锦路以北、晋陵北路以西、太湖东路以南）,新北,
长安家园,31.712995,119.974052,湖塘政法广场南一期,武进,
香树湾·福园,31.834696,120.00377,常州市新北区汉江东路8号,新北,
九龙仓国宾1号,31.825219,120.002257,常州市新北区河海东路108号,新北,
新城首府,31.800666,119.961114,通江南路88号（北郊中学初中部正对面）,钟楼,
金玉苑,31.807517,119.895612,常州市钟楼区玉龙南路210号,钟楼,
沈家花苑,31.753211,119.917452,常州市武进区师源路108号,武进,
蓝色港湾花园,31.835816,119.988534,汉江路352号,新北,
文渊居,31.723922,119.968932,常州市武进区常武中路65号武进购物中心4号楼4楼,武进,
运河花园,31.811795,119.90615,常州市钟楼区星港路,钟楼,
金百花园,31.809077,119.966585,江苏省常州市常澄路18号(飞龙路与通江大道交叉口),钟楼,
九洲新家园,31.759205,119.958001,中吴大道与晋陵南路交汇处,天宁,
枫林雅都,31.810642,119.908493,银杏路83号(星港大道新钟楼区政府北侧),钟楼,
朝阳三村,31.76853,119.982005,劳动中路245号,天宁,
嘉宏盛世,31.774856,119.961264,晋陵路八号东扼晋陵中路接吊桥路、南临千年运河景观,天宁,
泰山一村,31.826225,119.964601,常州新北区太湖中路桥东侧,新北,
府北新村,31.709406,119.949895,常州市武进区府北路1号,武进,
清潭六村,31.777205,119.936141,江苏省常州市长江中路262号,钟楼,
富强新村,31.754967,119.975324,中吴大道1105号,天宁,
西城格兰艺堡,31.777234,119.926726,钟楼西城7-1号(南运河西侧、花园南村南侧),钟楼,
红梅东村小区,31.788367,119.995438,江苏省常州市天宁区红梅东村,天宁,
浦北新村,31.765919,119.96109,常州市天宁区浦北新村23栋,天宁,
上书房,31.774053,119.93012,江苏省常州市钟楼区清潭路387号,钟楼,
东方福郡,31.759376,120.055521,戚墅堰区东方东路181号(近戚区新政府),戚墅堰,
空港二村,31.902281,119.828453,新北黄河西路11号,新北,
西湖家园,31.710121,119.849921,延政西路与X210交汇处,武进,
橄榄城,31.867247,119.932408,薛家镇奥园路与丽园路交汇处(苏果超市北侧),新北,
龚家名园,31.740502,119.972593,金鸡东路明都汽摩城东,武进,
府河名居,31.771802,119.974611,劳动中路370号,天宁,
吟枫苑,31.832081,119.986244,新北区新区公园西面珠江中路111号(新区公园南入口处),新北,
红梅西村,31.78277,119.990248,红梅街道章家村301号,天宁,
湾里新村,31.723424,119.956874,江苏省常州市武进区花园街95号,武进,
香梅花园,31.7758,119.987267,关河东路香梅花园商铺69号(武青路以北、关河东路以南),天宁,
白云东苑,31.788784,119.920194,白云东苑，星园路附近,钟楼,
花之园,31.786919,119.931177,勤花南路,钟楼,
瑞丰花苑,31.688456,120.112877,江苏省常州市武进区横林镇水厂路瑞丰花苑,武进,
荷花池小区,31.789114,119.958632,常州邮电路15号,钟楼,
聚缘雅居,31.787756,119.989917,常州天宁区竹林南路71号(竹林南路与北环路交汇处),天宁,
摩尔上品,31.680361,119.963585,武进常武路与鸣新路交汇处10米,武进,
金水湾小区,31.753336,119.606064,江苏省常州市金坛华阳中路168,金坛,
阳光花园,31.824204,119.993645,常州市新北区晋陵北路211号,新北,
银河湾星苑,31.800549,119.98081,飞龙东路429,天宁,
国泰名都,31.764087,119.95412,兰陵路与光华路交界处(原交警支队地块),天宁,
蓝色星空,31.771933,119.947609,江苏省常州市钟楼区广成路12号（广成路南侧）,钟楼,
金江苑,31.744016,119.62782,江苏省常州市金坛区华城路与中兴路交叉口西南角,金坛,
银河湾,31.783466,119.938858,怀德南路128号,钟楼,
燕兴小区,31.83806,119.991667,江苏省常州市新北区晋陵北路22号,新北,
顺园二村,31.853691,119.935928,奥园路西汉江西路北玉龙路东庆阳路南,新北,
丽景花园,31.791,119.972396,常州市天宁区北太平桥路30号,天宁,
金都名苑,31.704215,119.955692,花园路85号,武进,
东城明居,31.764525,119.991823,劳动中路47号,天宁,
北环南村,31.795333,119.991703,常州新堂北路18号,天宁,
龙栖花园,31.853524,120.001506,龙虎塘镇龙栖路,新北,
紫阳花园,31.773458,119.945012,常州市钟楼区清潭路151号,钟楼,
潞城花苑小区,31.772879,120.051799,常州市戚区潞城花园小区西,戚墅堰,
人民家园,31.761608,119.967317,光华路,天宁,
青枫壹号,31.806154,119.897873,星港大道8号(青枫公园旁),钟楼,
长虹名苑,31.723523,119.918143,江苏省常州市武进区长虹西路(东宝路西侧),武进,
丰乐尚都,31.692918,119.948432,常州市武进区滆湖中路5号,武进,
昆仑花园,31.443311,119.495554,溧城镇城北博爱路与花园路交接处以东,溧阳,
金田雅居,31.838823,119.98705,通江大道679号,新北,
茂业豪园,31.717948,119.953572,湖塘花园街170号,武进,
万福花园,31.802415,119.965337,常州市钟楼区通江南路216号,钟楼,
翡翠湾,31.786898,119.93618,勤业玫瑰苑小区对面,钟楼,
大诚苑,31.816344,119.989922,常州市龙锦路1250号(新北区黄山路与三井东路交汇处),新北,
江南春晓花园,31.827986,119.969063,新北区巢湖路65路(新北区巢湖路与泰山路交汇处),新北,
晓柳花苑,31.697023,119.935641,武进区小留18号,武进,
公园大厦,31.778385,119.960318,公园路9号公园大厦A座(近广化街),天宁,
同济花园,31.771863,119.976847,常州劳动中路362号,天宁,
虹景花园小区,31.789589,120.002925,常州市天宁区翠虹路45号,天宁,
景泰家园,31.76226,119.973794,浦前东路北侧、清凉新村南侧,溧阳,
景鸿花园,31.421576,119.472081,江苏省常州市溧阳市南环西路198号,溧阳,
聚和家园,31.792367,119.968886,北太平桥路39号,天宁,
方正大厦,31.779537,119.940846,清潭怀德会馆浜路99号,钟楼,
东坡雅居,31.773466,119.98671,延陵中路356号(东坡公园对面),天宁,
大学-新村,31.679483,119.951781,江苏省常州市武进区鸣新中路55号,武进,
芦墅广景苑,31.803406,119.94352,机械新村后,钟楼,
同德苑,31.893179,119.863256,常州市武进区罗溪镇汤庄延河中路,武进,
奥林匹克花园别墅,31.85947,119.935515,常州市新北区薛家黄河西路262-1号,新北,
花园西村,31.781856,119.917671,永红街道8号(怀德中路和白云路交界),钟楼,
锦江丽都花园,31.8045,119.954351,江苏省常州市钟楼区锦都丽江花园14号楼,钟楼,
景福苑,31.782592,119.984213,关河东路50号,天宁,
圩墩新村,31.721129,120.071852,常州市戚墅堰区圩墩路58号,戚墅堰,
丽华三村新区,31.750346,119.983075,常州市天宁区丽华北路茶山街道12号,天宁,
景潭花园,31.737405,119.597189,江苏省常州市金坛市金坛区东环二路181号,金坛,
安家苑,31.91653,119.919866,江苏省常州市新北区春江镇瓜市路安家苑,新北,
天豪大厦,31.704102,119.943826,武宜中路106号,武进,
花东二村,31.726623,119.959663,湖塘河东路138号(省武高对面),武进,
桃园公寓,31.775723,119.976793,常州市天宁区桃园新村27幢甲单元101,天宁,
东南花园,31.820576,119.994328,常州市新北区太湖东路18号(恐龙园附近),新北,
怡景名园,31.851415,119.933692,常州新北区顺园路118号(临汉江西路),新北,
百馨苑,31.938082,119.973701,常州市新北区春江镇百馨苑小区,新北,
花园南村,31.778055,119.925207,常州市钟楼区陈渡路32号,钟楼,
华山苑,31.824414,119.955503,新北华山路32号(华山路与太湖西路交汇处),新北,
鹤苑新都,31.787547,119.970084,鹤园路5号,天宁,
华城二村,31.74376,119.598386,江苏省常州市金坛区峨嵋西路32号,金坛,
中吴雅苑,31.755253,119.97134,天宁中吴大道11-1,天宁,
水清木华,31.810036,119.970665,锦绣路18号,天宁,
桃园新村,31.774415,119.975719,常州天宁区桃园路7号,天宁,
朝阳花园,31.741344,120.016693,江苏省常州市天宁区雕庄新街68号,天宁,
九洲豪廷苑,31.700422,119.916148,淹城南路456号(淹城南路与延政西路交界处),武进,
新城花苑,31.741765,119.962592,武宜北路20号,武进,
新荷花园,31.828499,119.982651,通江大道旺角花园旁,新北,
圩塘五村,31.941902,119.996667,江苏省常州市新北区春江镇新业街,新北,
玉隆花园,31.787646,119.959987,北大街35号,钟楼,
花溪兰庭,31.738034,120.068753,戚区花溪公园东北侧，原铁路中学校址,戚墅堰,
华林家园,31.772714,119.894204,常州市钟楼区华林路139号,钟楼,
旺角花园,31.825752,119.979866,常州新北区通江大道38号(通江大道与河海路交汇处),新北,
都市雅居,31.836552,119.990117,汉江路388号,新北,
清潭五村,31.768579,119.942482,常州市钟楼区江春路3号(江春路南侧),钟楼,
花东三村,31.732427,119.961266,江苏省常州市武进区湖塘人民中路47号,武进,
文亨花园,31.783633,119.95435,常州西河沿57号,钟楼,
泰山二村,31.823651,119.962868,江苏省常州市新北区太湖中路与泰山路交接处,新北,
美林国际村,31.823649,119.99618,常州河海东路185号,新北,
侨光苑,31.835947,119.981957,新北区汉江中路105号,新北,
景阳花园,31.744277,119.566088,金坛区南环西路,金坛,
虹景金桂园,31.787779,120.003563,虹景金桂园38-11号,天宁,
美景天城,31.379082,119.466727,溪缘路,溧阳,
紫霞花苑,31.765379,120.112196,常州市武进区紫霞花苑22幢2号,武进,
凤凰城,31.765094,119.583775,丹阳门北路9-a号,金坛,
西新桥二村,31.801135,119.956931,常州市钟楼区金禧园10-1,钟楼,
十里社区,31.716732,119.975761,常州市武进区广电西路169号,武进,
燕阳花园,31.839668,119.988415,江苏省常州市新北区通江中路595号,新北,
新康花苑,31.821159,119.911623,新闸镇新庆路160号,钟楼,
同仁苑,31.896061,119.864756,罗溪镇汤庄村,新北,
浦南南村,31.754841,119.954971,中吴大道晋陵南路段以南(中凉欧尚超市后),天宁,
南田雅园,31.721632,119.957975,常州市武进区河西路8号,武进,
红梅假日花苑,31.789007,119.98919,竹林南路56号,天宁,
清潭花苑,31.769734,119.934684,荆川东路39号,钟楼,
新立名园,31.863966,119.967522,新北区(新桥镇中心)长江路、新长路口，北郊中学新校区西侧,新北,
珠江花园,31.828792,119.991463,珠江路黄山路交接处,新北,
东方花园,31.759743,119.966412,常州市天宁区清凉路155号,天宁,
紫荆苑,31.76532,119.924764,荆川路98号,钟楼,
迎宾秀园,31.765208,119.948793,常州市天宁区迎宾路11号,天宁,
太阳花园,31.824791,119.980606,巢湖路8号,新北,
中凉花园,31.751322,119.951775,常州市天宁区中凉路2号,天宁,
泰和之春,31.752943,120.001389,天宁中吴大道960号,天宁,
广成小区,31.769952,119.94463,常州市钟楼区广成路11幢丙单元501室,钟楼,
晋陵北苑,31.80283,119.97805,飞龙东路431号,天宁,
美地蓝庭,31.756753,119.564468,常州市金坛市丹荆路10号,金坛,
汇丰一村,31.825535,119.974427,常州巢湖路8号,新北,
朝阳四村,31.762052,119.982431,江苏省常州市天宁区光华路,天宁,
天安河滨花园,31.77151,119.954791,江苏省常州市天宁区兰陵北路602号,天宁,
星盛家园,31.786735,119.918305,星园路188号(新庄周家村),钟楼,
永盛家园,31.429497,119.471646,建设路与团结路交界处,溧阳,
时代广场,31.832916,119.982338,通江大道396号,新北,
新民家园,31.932642,119.998909,春江镇圩塘11号,新北,
东方公寓,31.740521,119.961792,江苏省常州市武进区常武路和聚湖路交界处,武进,
聚湖家园二期,31.745728,119.937733,常州市武进区聚湖家园38幢乙单元501,武进,
体育花苑,31.777102,119.948055,常州市钟楼区电子新村21,钟楼,
翠园世家,31.799281,119.985093,故园路2号,天宁,
春江中央花苑,31.9351,119.973038,常州市新北区春江中央花苑19幢丙单元,新北,
锦绣南园,31.804074,119.97435,天宁区飞龙东路188号,天宁,
名仕家园,31.746462,119.605029,华阳中路168号,天宁,
翰林雅居花苑,31.692936,119.948914,滆湖路（曲棍球场对面）,武进,
愚池新村,31.737037,119.573271,金坛南环一路8号,金坛,
清凉东村,31.760543,119.97972,光华路33号(光华路与龙游路交汇处),天宁,
河苑新村,31.727428,120.058607,河苑路88号（河苑路北侧）,天宁,
西林家园,31.764552,119.891063,西林镇西林路78号(安置小区凌家塘附近),钟楼,
华都馨苑,31.739201,119.952118,常州市武进区东方路67号,武进,
广景山庄,31.778958,119.935038,长江中路266-12号,钟楼,
河海新村,31.82619,119.982191,巢湖中路31号,新北,
勤业五村,31.790611,119.933535,江苏省常州市钟楼区长江中路422号,钟楼,
富民小区,32.015883,119.841615,常州市小河镇兴镇路147号,新北,
兰翔二村,31.828792,119.989385,河海大学北门对面,新北,
太湖花园,31.82126,119.990106,常州市新北区太湖东路5-2号,新北,
新城湖畔春秋小区,31.702405,119.863077,西太湖生态休闲区3号,武进,
青年公社,31.887063,119.996749,龙虎塘浏阳河路168号,新北,
福康宁花园,31.762185,120.052332,常州市东方东路180号,戚墅堰,
竹林新村,31.791056,119.994373,常州市天宁区竹林新村8栋,天宁,
青龙新市民公寓,31.791987,120.026001,青洋北路72号,天宁,
河阳花苑,31.781824,119.934425,江苏省常州市钟楼区长江中路265号,钟楼,
红梅公寓,31.790491,119.988539,天宁区飞龙东路229号,天宁,
绿色家园,31.834834,119.996395,河海街道5栋3号(福记逸高对面),新北,
天目星城小区,31.381623,119.467538,江苏省常州市溧阳市天目湖镇范王路,溧阳,
金色湖滨,31.720798,119.904457,牛塘镇湖滨路21号(湖滨路与兴业路交汇处),武进,
嘉盛苑,31.80508,119.97223,常州市天宁区飞龙东路196号,天宁,
星海银园,31.823113,119.984086,江苏省常州市新北区惠山路与巢湖路交叉口西南角,新北,
丽宝第花苑,31.77201,119.959355,常州劳动中路50号,天宁,
华府家园,31.788919,119.931884,勤业星园路66号,钟楼,
港龙华庭,31.809879,119.905928,星港路与茶花路交界处,钟楼,
花东新村,31.729435,119.957668,湖塘河东路142号,武进,
芳草园,31.720888,119.963239,常州市武进区广电中路3号,武进,
花园华丰苑,31.785376,119.918862,白云路167号,钟楼,
玉兰苑,31.764449,119.941014,常州市钟楼区清潭新村180-7幢己单元302,钟楼,
项家花苑,31.789604,119.964883,化龙巷116号,天宁,
清溪花园,31.436279,119.485753,江苏省常州市溧阳市西后街3号,溧阳,
金梅花园-南区,31.811062,119.959726,泰山路和飞龙路交叉口,钟楼,
西上园小区,31.795435,119.963163,江苏省常州市钟楼区关河西路49号,钟楼,
燕山南苑,31.418649,119.494266,育才路,溧阳,
会馆浜公寓,31.778853,119.946722,常州市钟楼区清潭会馆浜路78号,钟楼,
都市桃源五期,31.79059,119.921595,常州市钟楼区洪庄村28号,钟楼,
盘龙苑-东区,31.86073,119.994024,新北区长城路和珠江路交界处,新北,
阳光山城,31.775631,120.120181,武进区横山桥芳茂山180号,武进,
金禧园,31.799971,119.957177,江苏省常州市钟楼区北新巷31号,钟楼,
伟业臻品花园,31.753487,119.948999,常州市常州市武宜北路199号,武进,
元丰苑,31.776943,119.974161,常州市天宁区红梅南路65号,天宁,
金谷华城,31.757961,119.594609,常州市金坛市北环东路8号,金坛,
文化二村,31.747049,119.569969,常州市金坛西环一路3号,金坛,
怡和花园,31.783768,119.914242,江苏省常州市钟楼区陈家村52号,钟楼,
勤业六村,31.79133,119.931688,五星街道32号(长江中路与勤业路交界),钟楼,
青年公寓二期,31.887957,119.997587,常州市新北区浏阳河路168号,新北,
康云明居,31.7858,119.987186,康云明居1-8,天宁,
北水西花园,31.420089,119.470689,常州市溧阳市天目湖大道与台港西路交口东南侧,溧阳,
龙泉山庄,31.40205,119.486678,燕鸣路17(近澳门豆捞),溧阳,
丰臣南郡,31.761825,119.950136,兰陵北路,天宁,
聚景苑,31.799205,119.977906,常州市天宁区永宁北路2号,天宁,
五星家园,31.762423,119.565343,常州市金坛市邮堂庙路90号,金坛,
北新巷小区,31.798204,119.954883,常新路16号,钟楼,
北建新村小区,31.746125,119.948981,武宜路177号,武进,
龙船浜新村,31.793834,119.950156,常州市钟楼区新市路72号,钟楼,
湖塘花园新村,31.729089,119.952226,湖塘镇花园街175号,武进,
泰山三村,31.822388,119.965187,常州新北区太湖明珠苑南区西门,新北,
站北新村,31.732332,120.070984,常州市戚墅堰五一路,戚墅堰,
公路花园,31.727095,119.692165,江苏省常州市金坛区尧塘镇金武路尧塘公路花园发展西路37号,金坛,
通济新村,31.799829,119.964908,健身北路青山湾花园小区对面通江大道万福桥站台旁,天宁,
金域东郡花园,31.832915,120.090861,常州市武进郑陆镇寺墩路常郑路交汇处(郑陆镇政府东面),武进,
安阳花苑,31.788776,119.953015,常州市钟楼区大华路1号,钟楼,
邱墅家园,31.725751,119.966809,常州市武进区邱墅路5号,武进,
嘉新花苑,31.838283,119.979037,常州新区衡山路18号,新北,
红星新村,31.792175,119.952104,常州市钟楼区新市路28号(新市路与泰安路交界处),钟楼,
颐和家园,31.769787,119.928334,常州荆川东路22号,钟楼,
濑江花园-一区,31.4473,119.4742,泓口路51号,溧阳,
迎春花园,31.784038,119.967816,迎春步行街21号,天宁,
燕山东苑,31.422444,119.494037,常州市溧阳市燕园路286号,溧阳,
天顺御和苑,31.774718,119.983882,常州市天宁区延陵中路398号,天宁,
丽丰苑,31.78271,119.929428,钟楼区怀德中路157号,钟楼,
徐塘新村,31.739138,119.601307,金坛区金宜路32号,金坛,
邮电公寓,31.781485,119.951543,劳动西路290号附近,钟楼,
新园花苑,31.935469,119.998999,江苏省常州市新北区东海路231号,新北,
东方国际公寓,31.777681,119.963203,晋陵中路188号(城中路与东下塘路交汇处),天宁,
学府名门花苑,31.680157,119.952937,鸣新中路51号,武进,
天禄西阆苑,31.880959,119.977489,江苏省常州市新北区武夷山路,新北,
世纪花园,31.802364,119.975751,飞龙东路润德半岛对面,天宁,
格林花园,31.420995,119.47612,常州市溧阳市清泓路101号,溧阳,
望湖名门小区,31.508217,120.106181,常州市武进区雪新街106号,武进,
今创茗园,31.715713,120.048988,江苏省常州市武进区Y272(今创路),武进,
北环南苑,31.794302,119.993079,常州市天宁区薛家塘38号,天宁,
奥韵家园,31.804232,119.980034,常州市天宁区新北天宁区晋陵中路3-10号(北环路与晋陵北路交接处),天宁,
东庄新村,31.737429,119.966024,常州市武进区湖塘东方路19号,武进,
前桥新村,31.824571,119.9503,太湖路780号（太湖路和长江路交汇处）,新北,
天丽雅居,31.721879,119.956259,常州市武进区花园街264号,武进,
香槟置业广场,31.856758,119.931615,黄河西路北邻黄河路,新北,
芦墅苑,31.796541,119.948542,常州市钟楼区五星街道111号(常林路，庄头村东面),钟楼,
锦绣花园,31.418495,119.495682,锦绣路15号,天宁,
嘉盛花园,31.630718,120.015457,江苏省常州市武进区镇中路,武进,
娑罗家园,31.789179,119.966825,常州市天宁区钟家弄54号,天宁,
清潭南苑,31.764213,119.937225,长江中路8号,钟楼,
河滨小区,31.74002,119.582749,南环一路与河滨东路交叉口南100米,金坛,
蓝天花园-二期,31.787729,119.928249,常州市钟楼区勤业路81号,钟楼,
怀南苑,31.779822,119.943281,钟楼会馆浜路14号,钟楼,
迎宾花园,31.850891,119.830337,常州市武进区迎宾花园南区北门旁,武进,
金水苑,31.419062,119.47642,台港西路301号11,溧阳,
同心苑,31.892375,119.868592,常州新北区罗溪镇汤庄,新北,
朝阳一村,31.769707,119.985954,常州市天宁区朝阳路11号,天宁,
福阳山庄,31.404991,119.49052,常州市溧阳城南141号,溧阳,
藏龙苑,31.852745,119.994296,常州市新北区龙虎塘街道新区,新北,
新中上村小区,31.805202,119.95879,江苏省常州市钟楼区钟楼上村158号附近,钟楼,
清凉茗园,31.758454,119.970622,常州市天宁区红梅南路681号,天宁,
铭巷家园,31.777111,119.95801,吊桥路325号(吴家场附近),钟楼,
香江康桥,31.693231,119.959815,常州市武进区滆湖中路7号,武进,
清潭鑫苑,31.769985,119.92642,荆川路15号(荆川路和荆川东路交汇处),钟楼,
东岱家园,31.779491,119.882911,钟楼区东岱家园过凌家塘收费口100米处,钟楼,
鑫福苑,31.73253,120.052197,常州市河苑路12号(劳动东路),天宁,
新业花苑,31.936045,120.000877,春江镇新业街203号,新北,
